"","Auckland_Per_Capita","Bay_Of_Plenty_Per_Capita","Canterbury_Per_Capita","Gisbourne_Per_Capita","Hawkes_Bay_Per_Capita","Taranaki_Per_Capita","Tasman_Per_Capita","Waikato_Per_Capita","Wellington_Per_Capita","West_Coast_Per_Capita","Manawatu_Whanganui_Per_Capita","Marlborough_Per_Capita","Nelson_Per_Capita","Otago_Per_Capita","Southland_Per_Capita","Northland_Per_Capita"
"House Owned or Partially Owned",0.189990463070891,0.228886480268979,0.247262739460005,0.19957391244588,0.235699394420729,0.250840508405084,0.276689146201807,0.218662388869732,0.230209167333867,0.258429793658782,0.239392182507045,0.273079049198452,0.260417339621423,0.246144779491209,0.264286173426753,0.233644490151096
"House Not Owned",0.119179824096641,0.125077419925677,0.114077110010783,0.137585045701326,0.121771071180383,0.118272516058494,0.092378165160962,0.130155469932985,0.124293184547638,0.116633115249119,0.127482573112031,0.112009397457159,0.120550423153951,0.119094391513604,0.115060744359452,0.119076813543232
